cluster	term	term_clean	overlap	cluster_size	term_size	background_size	fold	p	hit_genes	BH_FDR
1	GOBP_RRNA_METABOLIC_PROCESS	Rrna Metabolic Process	32	50	47	170	2.3148936170212764	4.001658332399351e-11	AATF;BUD23;DDX21;DDX47;DDX52;DDX56;DIMT1;DKC1;EMG1;EXOSC4;FBL;FCF1;KRR1;MRM1;NAT10;NOL11;NOP10;NOP2;NOP58;POLR1B;POLR1C;POLR1E;RIOK1;RPS19;RPS6;RRP9;TCOF1;TRMT112;TSR2;UTP23;WDR3;WDR36	1.5446401163061492e-08
1	GOBP_RIBOSOME_BIOGENESIS	Ribosome Biogenesis	32	50	48	170	2.2666666666666666	1.0312905324791943e-10	AATF;BUD23;DDX21;DDX47;DDX52;DDX56;DIMT1;DKC1;EMG1;EXOSC4;FBL;FCF1;GNL2;KRR1;MRM1;NAT10;NLE1;NOL11;NOP10;NOP2;NOP58;RIOK1;RPL24;RPS19;RPS6;RRP9;TCOF1;TRMT112;TSR2;UTP23;WDR3;WDR36	1.990390727684845e-08
7	GOBP_TRNA_WOBBLE_URIDINE_MODIFICATION	Trna Wobble Uridine Modification	7	7	10	170	17.0	1.6703770842854666e-10	ALKBH8;CTU1;CTU2;ELP3;ELP4;ELP5;URM1	2.1492185151139673e-08
7	GOBP_TRNA_WOBBLE_BASE_MODIFICATION	Trna Wobble Base Modification	7	7	11	170	15.454545454545455	4.5935369817850327e-10	ALKBH8;CTU1;CTU2;ELP3;ELP4;ELP5;URM1	4.432763187422557e-08
1	GOBP_RIBONUCLEOPROTEIN_COMPLEX_BIOGENESIS	Ribonucleoprotein Complex Biogenesis	33	50	53	170	2.116981132075472	7.517771498771474e-10	AATF;BUD23;DDX21;DDX47;DDX52;DDX56;DIMT1;DKC1;EMG1;EXOSC4;FBL;FCF1;GNL2;KRR1;MRM1;NAT10;NCBP1;NLE1;NOL11;NOP10;NOP2;NOP58;RIOK1;RPL24;RPS19;RPS6;RRP9;TCOF1;TRMT112;TSR2;UTP23;WDR3;WDR36	5.803719597051578e-08
4	GOBP_MITOCHONDRIAL_TRANSLATION	Mitochondrial Translation	10	11	23	170	6.719367588932806	2.747615639104752e-09	AARS2;GFM1;MRPL14;MRPL19;MRPL3;MRPL35;MRPL36;MRPL38;RPUSD4;TARS2	1.7676327278240572e-07
1	GOBP_MATURATION_OF_SSU_RRNA	Maturation Of Ssu Rrna	17	50	19	170	3.042105263157895	1.0484883985401429e-08	AATF;DDX52;EMG1;FBL;FCF1;KRR1;NAT10;NOL11;NOP58;RIOK1;RPS19;RRP9;TRMT112;TSR2;UTP23;WDR3;WDR36	5.679770146237415e-07
1	GOBP_RRNA_PROCESSING	Rrna Processing	28	50	43	170	2.213953488372093	1.1771544344533501e-08	AATF;BUD23;DDX21;DDX47;DDX52;DDX56;DIMT1;DKC1;EMG1;EXOSC4;FBL;FCF1;KRR1;MRM1;NAT10;NOL11;NOP10;NOP2;NOP58;RIOK1;RPS19;RPS6;RRP9;TRMT112;TSR2;UTP23;WDR3;WDR36	5.679770146237415e-07
1	GOBP_RIBOSOMAL_SMALL_SUBUNIT_BIOGENESIS	Ribosomal Small Subunit Biogenesis	19	50	23	170	2.8086956521739133	1.6212334795937915e-08	AATF;DDX52;DIMT1;EMG1;FBL;FCF1;KRR1;NAT10;NOL11;NOP58;RIOK1;RPS19;RPS6;RRP9;TRMT112;TSR2;UTP23;WDR3;WDR36	6.953290256924484e-07
4	GOBP_MITOCHONDRIAL_GENE_EXPRESSION	Mitochondrial Gene Expression	10	11	28	170	5.51948051948052	3.054999561198751e-08	AARS2;GFM1;MRPL14;MRPL19;MRPL3;MRPL35;MRPL36;MRPL38;RPUSD4;TARS2	1.179229830622718e-06
9	GOBP_VESICLE_MEDIATED_TRANSPORT	Vesicle Mediated Transport	4	4	7	170	24.285714285714285	1.0421204232676313e-06	BNIP1;CAMLG;NBAS;RINT1	3.656895303466415e-05
7	GOBP_TRNA_MODIFICATION	Trna Modification	7	7	27	170	6.296296296296296	1.2361208017983526e-06	ALKBH8;CTU1;CTU2;ELP3;ELP4;ELP5;URM1	3.976188579118034e-05
3	GOBP_SPLICEOSOMAL_SNRNP_ASSEMBLY	Spliceosomal Snrnp Assembly	5	12	6	170	11.805555555555555	4.111084354783838e-06	DDX20;GEMIN4;GEMIN5;LSM6;SMN2	0.00012206758161127393
7	GOBP_TRNA_PROCESSING	Trna Processing	7	7	34	170	5.0	7.488322740546204e-06	ALKBH8;CTU1;CTU2;ELP3;ELP4;ELP5;URM1	0.0002064637555607739
7	GOBP_TRNA_METABOLIC_PROCESS	Trna Metabolic Process	7	7	38	170	4.473684210526316	1.7567155350180138e-05	ALKBH8;CTU1;CTU2;ELP3;ELP4;ELP5;URM1	0.00045206146434463557
4	GOBP_TRANSLATION	Translation	10	11	54	170	2.861952861952862	4.654219577999006e-05	AARS2;GFM1;MRPL14;MRPL19;MRPL3;MRPL35;MRPL36;MRPL38;RPUSD4;TARS2	0.0011228304731922603
5	GOBP_MRNA_PROCESSING	Mrna Processing	7	8	36	170	4.131944444444445	7.848719064530604e-05	CBLL1;METTL14;METTL3;RBM15;VIRMA;WTAP;ZC3H13	0.0017821209170051841
2	GOBP_TRANSMEMBRANE_TRANSPORT	Transmembrane Transport	7	31	9	170	4.265232974910394	9.996053668704458e-05	ATP11B;DNAJC19;GFER;HSPA9;PMPCB;SLC25A10;TIMM23B	0.0021435981756221783
1	GOBP_TRANSCRIPTION_BY_RNA_POLYMERASE_I	Transcription By Rna Polymerase I	7	50	7	170	3.4000000000000004	0.00013903717736466934	DDX21;NOL11;POLR1B;POLR1C;POLR1E;TAF1C;TCOF1	0.0025573651563945603
2	GOBP_ESTABLISHMENT_OF_PROTEIN_LOCALIZATION_TO_MITOCHONDRION	Establishment Of Protein Localization To Mitochondrion	5	31	5	170	5.483870967741936	0.00015238186165045307	DNAJC19;GFER;OXA1L;PMPCB;TIMM23B	0.0025573651563945603
2	GOBP_PROTEIN_MATURATION	Protein Maturation	5	31	5	170	5.483870967741936	0.00015238186165045307	DNAJA3;DNAJC19;GFER;HSPA9;PMPCB	0.0025573651563945603
2	GOBP_RESPONSE_TO_HEAT	Response To Heat	5	31	5	170	5.483870967741936	0.00015238186165045307	DNAJA3;EIF2B1;EIF2B3;EIF2B4;EIF2B5	0.0025573651563945603
2	GOBP_RESPONSE_TO_TEMPERATURE_STIMULUS	Response To Temperature Stimulus	5	31	5	170	5.483870967741936	0.00015238186165045307	DNAJA3;EIF2B1;EIF2B3;EIF2B4;EIF2B5	0.0025573651563945603
5	GOBP_RNA_SPLICING	Rna Splicing	6	8	27	170	4.722222222222222	0.00021414971338476328	METTL14;METTL3;RBM15;VIRMA;WTAP;ZC3H13	0.0034442412236049425
7	GOBP_RNA_MODIFICATION	Rna Modification	7	7	56	170	3.035714285714286	0.0003228245920058885	ALKBH8;CTU1;CTU2;ELP3;ELP4;ELP5;URM1	0.004984411700570918
3	GOBP_RNA_SPLICING_VIA_TRANSESTERIFICATION_REACTIONS	Rna Splicing Via Transesterification Reactions	6	12	18	170	4.722222222222222	0.00037778043174538324	DDX20;GEMIN4;GEMIN5;LSM6;METTL16;SMN2	0.005608586409758382
5	GOBP_MRNA_METABOLIC_PROCESS	Mrna Metabolic Process	7	8	45	170	3.3055555555555554	0.0004022572509231215	CBLL1;METTL14;METTL3;RBM15;VIRMA;WTAP;ZC3H13	0.005750788846530552
2	GOBP_MITOCHONDRION_ORGANIZATION	Mitochondrion Organization	6	31	8	170	4.112903225806452	0.0005079497649243444	DAP3;DNAJA3;HSPA9;LONP1;OXA1L;THG1L	0.007002450330742748
3	GOBP_RNA_SPLICING	Rna Splicing	7	12	27	170	3.67283950617284	0.0005525413849332553	DDX20;GEMIN4;GEMIN5;LSM6;METTL16;SMN2;WBP11	0.007354516364973675
9	GOBP_ESTABLISHMENT_OF_PROTEIN_LOCALIZATION	Establishment Of Protein Localization	3	4	11	170	11.59090909090909	0.0007909694012601319	CAMLG;NBAS;RINT1	0.009889478552000858
2	GOBP_ESTABLISHMENT_OF_PROTEIN_LOCALIZATION_TO_ORGANELLE	Establishment Of Protein Localization To Organelle	5	31	6	170	4.569892473118279	0.0007942327334508462	DNAJC19;GFER;OXA1L;PMPCB;TIMM23B	0.009889478552000858
5	GOBP_HEAD_DEVELOPMENT	Head Development	3	8	6	170	10.625	0.0013002809321527712	METTL14;METTL3;PSMG1	0.014762012935616756
5	GOBP_REGULATION_OF_CELL_DEVELOPMENT	Regulation Of Cell Development	3	8	6	170	10.625	0.0013002809321527712	METTL14;METTL3;RBM15	0.014762012935616756
5	GOBP_REGULATION_OF_MULTICELLULAR_ORGANISMAL_DEVELOPMENT	Regulation Of Multicellular Organismal Development	3	8	6	170	10.625	0.0013002809321527712	METTL14;METTL3;RBM15	0.014762012935616756
1	GOBP_NUCLEOLAR_LARGE_RRNA_TRANSCRIPTION_BY_RNA_POLYMERASE_I	Nucleolar Large Rrna Transcription By Rna Polymerase I	5	50	5	170	3.4	0.0019001747573171484	NOL11;POLR1B;POLR1C;POLR1E;TCOF1	0.020374096009011647
1	GOBP_RRNA_TRANSCRIPTION	Rrna Transcription	5	50	5	170	3.4	0.0019001747573171484	NOL11;POLR1B;POLR1C;POLR1E;TCOF1	0.020374096009011647
3	GOBP_PROTEIN_RNA_COMPLEX_ORGANIZATION	Protein Rna Complex Organization	5	12	16	170	4.427083333333333	0.0020706065777924597	DDX20;GEMIN4;GEMIN5;LSM6;SMN2	0.021460601847755438
7	GOBP_POST_TRANSLATIONAL_PROTEIN_MODIFICATION	Post Translational Protein Modification	3	7	8	170	9.107142857142858	0.0022238965645342418	CTU1;CTU2;URM1	0.021460601847755438
7	GOBP_PROTEIN_MODIFICATION_BY_SMALL_PROTEIN_CONJUGATION	Protein Modification By Small Protein Conjugation	3	7	8	170	9.107142857142858	0.0022238965645342418	CTU1;CTU2;URM1	0.021460601847755438
5	GOBP_HEMOPOIESIS	Hemopoiesis	3	8	7	170	9.107142857142858	0.002223896564534242	METTL14;METTL3;RBM15	0.021460601847755438
4	GOBP_MITOCHONDRIAL_RNA_METABOLIC_PROCESS	Mitochondrial Rna Metabolic Process	4	11	12	170	5.151515151515151	0.0036832389802249144	AARS2;PTCD1;RPUSD4;TARS2	0.03145748576821339
3	GOBP_MRNA_PROCESSING	Mrna Processing	7	12	36	170	2.7546296296296298	0.003932284560832312	DDX20;GEMIN4;GEMIN5;LSM6;METTL16;SMN2;WBP11	0.03145748576821339
2	GOBP_GLIAL_CELL_DEVELOPMENT	Glial Cell Development	4	31	5	170	4.387096774193548	0.00407480385598619	EIF2B1;EIF2B3;EIF2B4;EIF2B5	0.03145748576821339
2	GOBP_IMMUNE_RESPONSE_REGULATING_SIGNALING_PATHWAY	Immune Response Regulating Signaling Pathway	4	31	5	170	4.387096774193548	0.00407480385598619	EIF2B1;EIF2B3;EIF2B4;EIF2B5	0.03145748576821339
2	GOBP_MONOATOMIC_ION_TRANSPORT	Monoatomic Ion Transport	4	31	5	170	4.387096774193548	0.00407480385598619	ATP11B;HSPA9;PMPCB;SLC25A10	0.03145748576821339
2	GOBP_OLIGODENDROCYTE_DEVELOPMENT	Oligodendrocyte Development	4	31	5	170	4.387096774193548	0.00407480385598619	EIF2B1;EIF2B3;EIF2B4;EIF2B5	0.03145748576821339
2	GOBP_OLIGODENDROCYTE_DIFFERENTIATION	Oligodendrocyte Differentiation	4	31	5	170	4.387096774193548	0.00407480385598619	EIF2B1;EIF2B3;EIF2B4;EIF2B5	0.03145748576821339
2	GOBP_POSITIVE_REGULATION_OF_TRANSLATIONAL_INITIATION	Positive Regulation Of Translational Initiation	4	31	5	170	4.387096774193548	0.00407480385598619	EIF2B1;EIF2B3;EIF2B4;EIF2B5	0.03145748576821339
2	GOBP_RESPONSE_TO_CARBOHYDRATE	Response To Carbohydrate	4	31	5	170	4.387096774193548	0.00407480385598619	EIF2B1;EIF2B3;EIF2B4;EIF2B5	0.03145748576821339
2	GOBP_RESPONSE_TO_MONOSACCHARIDE	Response To Monosaccharide	4	31	5	170	4.387096774193548	0.00407480385598619	EIF2B1;EIF2B3;EIF2B4;EIF2B5	0.03145748576821339
5	GOBP_REGULATION_OF_MRNA_METABOLIC_PROCESS	Regulation Of Mrna Metabolic Process	4	8	18	170	4.722222222222222	0.004819077708723535	METTL14;METTL3;RBM15;WTAP	0.03577238453014009
5	GOBP_RNA_SPLICING_VIA_TRANSESTERIFICATION_REACTIONS	Rna Splicing Via Transesterification Reactions	4	8	18	170	4.722222222222222	0.004819077708723535	METTL14;METTL3;RBM15;WTAP	0.03577238453014009
5	GOBP_MRNA_MODIFICATION	Mrna Modification	3	8	9	170	7.083333333333333	0.005096910381613927	METTL14;METTL3;WTAP	0.03643347050561066
5	GOBP_REGULATION_OF_CELL_DIFFERENTIATION	Regulation Of Cell Differentiation	3	8	9	170	7.083333333333333	0.005096910381613927	METTL14;METTL3;RBM15	0.03643347050561066
2	GOBP_ESTABLISHMENT_OF_PROTEIN_LOCALIZATION	Establishment Of Protein Localization	6	31	11	170	2.9912023460410557	0.005491880290611982	DNAJC19;GFER;HSPA9;OXA1L;PMPCB;TIMM23B	0.0378694660465927
2	GOBP_RESPONSE_TO_OXYGEN_CONTAINING_COMPOUND	Response To Oxygen Containing Compound	5	31	8	170	3.42741935483871	0.005592123224496849	EIF2B1;EIF2B3;EIF2B4;EIF2B5;LONP1	0.0378694660465927
2	GOBP_RESPONSE_TO_PEPTIDE_HORMONE	Response To Peptide Hormone	5	31	8	170	3.42741935483871	0.005592123224496849	EIF2B1;EIF2B3;EIF2B4;EIF2B5;LONP1	0.0378694660465927
5	GOBP_CENTRAL_NERVOUS_SYSTEM_DEVELOPMENT	Central Nervous System Development	3	8	10	170	6.375	0.007114604645221063	METTL14;METTL3;PSMG1	0.04734892056991949
3	GOBP_SNRNA_METABOLIC_PROCESS	Snrna Metabolic Process	3	12	7	170	6.071428571428571	0.008111731243435373	INTS3;INTS9;METTL16	0.052185470999434234
3	GOBP_SNRNA_PROCESSING	Snrna Processing	3	12	7	170	6.071428571428571	0.008111731243435373	INTS3;INTS9;METTL16	0.052185470999434234
9	GOBP_MEMBRANE_ORGANIZATION	Membrane Organization	2	4	7	170	12.142857142857142	0.008426377318457412	BNIP1;CAMLG	0.053321010572533786
1	GOBP_ANATOMICAL_STRUCTURE_FORMATION_INVOLVED_IN_MORPHOGENESIS	Anatomical Structure Formation Involved In Morphogenesis	5	50	6	170	2.8333333333333335	0.008809901147561321	NLE1;POLR1B;RPL24;RPL36;TCOF1	0.054848739402559195
2	GOBP_MITOCHONDRIAL_TRANSLATION	Mitochondrial Translation	9	31	23	170	2.14586255259467	0.009452268185303	DAP3;MRPS21;MRPS22;MRPS24;MRPS28;MRPS35;OXA1L;RARS2;TRMT10C	0.05751080628860799
2	GOBP_RESPONSE_TO_ABIOTIC_STIMULUS	Response To Abiotic Stimulus	6	31	12	170	2.7419354838709675	0.009535470472722568	DNAJA3;EIF2B1;EIF2B3;EIF2B4;EIF2B5;LONP1	0.05751080628860799
7	GOBP_PROTEIN_MODIFICATION_PROCESS	Protein Modification Process	3	7	13	170	5.604395604395605	0.010349641366919186	CTU1;CTU2;URM1	0.06058805945464341
2	GOBP_ACTIVATION_OF_IMMUNE_RESPONSE	Activation Of Immune Response	4	31	6	170	3.655913978494623	0.010635946101056875	EIF2B1;EIF2B3;EIF2B4;EIF2B5	0.06058805945464341
2	GOBP_POSITIVE_REGULATION_OF_IMMUNE_SYSTEM_PROCESS	Positive Regulation Of Immune System Process	5	31	9	170	3.046594982078853	0.010927366978369232	DNAJA3;EIF2B1;EIF2B3;EIF2B4;EIF2B5	0.06058805945464341
2	GOBP_REGULATION_OF_IMMUNE_RESPONSE	Regulation Of Immune Response	5	31	9	170	3.046594982078853	0.010927366978369232	DNAJA3;EIF2B1;EIF2B3;EIF2B4;EIF2B5	0.06058805945464341
2	GOBP_RESPONSE_TO_HORMONE	Response To Hormone	5	31	9	170	3.046594982078853	0.010927366978369232	EIF2B1;EIF2B3;EIF2B4;EIF2B5;LONP1	0.06058805945464341
9	GOBP_NEGATIVE_REGULATION_OF_CATABOLIC_PROCESS	Negative Regulation Of Catabolic Process	2	4	8	170	10.625	0.011144435806424047	CAMLG;NBAS	0.06058805945464341
9	GOBP_PROTEIN_TRANSPORT	Protein Transport	2	4	8	170	10.625	0.011144435806424047	NBAS;RINT1	0.06058805945464341
2	GOBP_MITOCHONDRIAL_GENE_EXPRESSION	Mitochondrial Gene Expression	10	31	28	170	1.9585253456221199	0.012682121544998797	DAP3;MRPS21;MRPS22;MRPS24;MRPS28;MRPS35;OXA1L;RARS2;TRMT10C;TRMT5	0.06799026272735466
6	GOBP_ENZYME_DIRECTED_RRNA_PSEUDOURIDINE_SYNTHESIS	Enzyme Directed Rrna Pseudouridine Synthesis	2	7	5	170	9.714285714285715	0.01376425121651237	RPUSD1;TSR3	0.07179731039964561
6	GOBP_NUCLEAR_TRANSCRIBED_MRNA_CATABOLIC_PROCESS_DEADENYLATION_DEPENDENT_DECAY	Nuclear Transcribed Mrna Catabolic Process Deadenylation Dependent Decay	2	7	5	170	9.714285714285715	0.01376425121651237	DCP2;YBX1	0.07179731039964561
2	GOBP_REGULATION_OF_IMMUNE_SYSTEM_PROCESS	Regulation Of Immune System Process	6	31	13	170	2.531017369727047	0.015370524659565689	DNAJA3;EIF2B1;EIF2B3;EIF2B4;EIF2B5;HSPA9	0.07910696691456474
5	GOBP_REGULATION_OF_IMMUNE_SYSTEM_PROCESS	Regulation Of Immune System Process	3	8	13	170	4.903846153846153	0.01581124042901648	METTL14;METTL3;RBM15	0.0799563907420212
3	GOBP_MRNA_METABOLIC_PROCESS	Mrna Metabolic Process	7	12	45	170	2.2037037037037037	0.015949849966672622	DDX20;GEMIN4;GEMIN5;LSM6;METTL16;SMN2;WBP11	0.0799563907420212
1	GOBP_RNA_PROCESSING	Rna Processing	36	50	100	170	1.224	0.017699213688117322	AATF;ADAT3;BUD23;CMTR1;DDX21;DDX47;DDX52;DDX56;DIMT1;DKC1;EMG1;EXOSC4;FBL;FCF1;KRR1;MRM1;NAT10;NCBP1;NCBP2;NOL11;NOP10;NOP2;NOP58;RAMAC;RIOK1;RNMT;RPS19;RPS6;RRP9;SRRT;THUMPD1;TRMT112;TSR2;UTP23;WDR3;WDR36	0.08748019437579914
5	GOBP_ALTERNATIVE_MRNA_SPLICING_VIA_SPLICEOSOME	Alternative Mrna Splicing Via Spliceosome	2	8	5	170	8.5	0.018130610233326246	RBM15;WTAP	0.08748019437579914
5	GOBP_FOREBRAIN_DEVELOPMENT	Forebrain Development	2	8	5	170	8.5	0.018130610233326246	METTL14;METTL3	0.08748019437579914
2	GOBP_RESPONSE_TO_ENDOGENOUS_STIMULUS	Response To Endogenous Stimulus	5	31	10	170	2.741935483870968	0.01897993984912072	EIF2B1;EIF2B3;EIF2B4;EIF2B5;LONP1	0.08934459489951949
2	GOBP_RESPONSE_TO_NITROGEN_COMPOUND	Response To Nitrogen Compound	5	31	10	170	2.741935483870968	0.01897993984912072	EIF2B1;EIF2B3;EIF2B4;EIF2B5;LONP1	0.08934459489951949
1	GOBP_DNA_TEMPLATED_TRANSCRIPTION_INITIATION	Dna Templated Transcription Initiation	6	50	9	170	2.2666666666666666	0.019898968313207838	POLR1B;POLR1C;POLR1E;TAF1C;TAF7;TRMT112	0.0925421899867256
6	GOBP_RRNA_PSEUDOURIDINE_SYNTHESIS	Rrna Pseudouridine Synthesis	2	7	6	170	8.095238095238095	0.020234401395972924	RPUSD1;TSR3	0.09298189212911367
2	GOBP_GLIAL_CELL_DIFFERENTIATION	Glial Cell Differentiation	4	31	7	170	3.133640552995392	0.021597854486114003	EIF2B1;EIF2B3;EIF2B4;EIF2B5	0.0947360435413637
2	GOBP_GLIOGENESIS	Gliogenesis	4	31	7	170	3.133640552995392	0.021597854486114003	EIF2B1;EIF2B3;EIF2B4;EIF2B5	0.0947360435413637
2	GOBP_MEMBRANE_ORGANIZATION	Membrane Organization	4	31	7	170	3.133640552995392	0.021597854486114003	ATP11B;DNAJA3;HSPA9;OXA1L	0.0947360435413637
2	GOBP_POSITIVE_REGULATION_OF_IMMUNE_RESPONSE	Positive Regulation Of Immune Response	4	31	7	170	3.133640552995392	0.021597854486114003	EIF2B1;EIF2B3;EIF2B4;EIF2B5	0.0947360435413637
7	GOBP_RNA_PROCESSING	Rna Processing	7	7	100	170	1.7000000000000002	0.022282218946355275	ALKBH8;CTU1;CTU2;ELP3;ELP4;ELP5;URM1	0.09663973610441727
2	GOBP_TRANSLATION	Translation	15	31	54	170	1.5232974910394264	0.025542244049126868	DAP3;EIF2B1;EIF2B3;EIF2B4;EIF2B5;FARSA;MRPS21;MRPS22;MRPS24;MRPS28;MRPS35;OXA1L;RARS2;SAMD4B;TRMT10C	0.10510647222395182
5	GOBP_CHROMATIN_REMODELING	Chromatin Remodeling	2	8	6	170	7.083333333333333	0.02654577488391297	METTL3;RBM15	0.10510647222395182
5	GOBP_MALE_GAMETE_GENERATION	Male Gamete Generation	2	8	6	170	7.083333333333333	0.02654577488391297	METTL14;METTL3	0.10510647222395182
5	GOBP_MIRNA_PROCESSING	Mirna Processing	2	8	6	170	7.083333333333333	0.02654577488391297	METTL14;METTL3	0.10510647222395182
5	GOBP_NEGATIVE_REGULATION_OF_DEVELOPMENTAL_PROCESS	Negative Regulation Of Developmental Process	2	8	6	170	7.083333333333333	0.02654577488391297	METTL14;RBM15	0.10510647222395182
5	GOBP_PRIMARY_MIRNA_PROCESSING	Primary Mirna Processing	2	8	6	170	7.083333333333333	0.02654577488391297	METTL14;METTL3	0.10510647222395182
5	GOBP_REGULATORY_NCRNA_PROCESSING	Regulatory Ncrna Processing	2	8	6	170	7.083333333333333	0.02654577488391297	METTL14;METTL3	0.10510647222395182
5	GOBP_RESPONSE_TO_PEPTIDE	Response To Peptide	2	8	6	170	7.083333333333333	0.02654577488391297	METTL3;RBM15	0.10510647222395182
1	GOBP_7_METHYLGUANOSINE_MRNA_CAPPING	7 Methylguanosine Mrna Capping	4	50	5	170	2.7199999999999998	0.026685062896236473	CMTR1;NCBP1;RAMAC;RNMT	0.10510647222395182
6	GOBP_PSEUDOURIDINE_SYNTHESIS	Pseudouridine Synthesis	2	7	7	170	6.938775510204082	0.02776186879988191	RPUSD1;TSR3	0.1082432460278224
4	GOBP_AMINO_ACID_METABOLIC_PROCESS	Amino Acid Metabolic Process	2	11	5	170	6.181818181818182	0.03433099999640908	AARS2;TARS2	0.1284511867134887
1	GOBP_RRNA_MODIFICATION	Rrna Modification	11	50	23	170	1.626086956521739	0.03617426410363781	BUD23;DIMT1;DKC1;EMG1;FBL;MRM1;NAT10;NOP10;NOP2;NOP58;TRMT112	0.1284511867134887
5	GOBP_GLIAL_CELL_DIFFERENTIATION	Glial Cell Differentiation	2	8	7	170	6.071428571428571	0.036274526211664465	METTL14;METTL3	0.1284511867134887
5	GOBP_GLIOGENESIS	Gliogenesis	2	8	7	170	6.071428571428571	0.036274526211664465	METTL14;METTL3	0.1284511867134887
5	GOBP_MULTICELLULAR_ORGANISMAL_REPRODUCTIVE_PROCESS	Multicellular Organismal Reproductive Process	2	8	7	170	6.071428571428571	0.036274526211664465	METTL14;METTL3	0.1284511867134887
5	GOBP_NEGATIVE_REGULATION_OF_RNA_CATABOLIC_PROCESS	Negative Regulation Of Rna Catabolic Process	2	8	7	170	6.071428571428571	0.036274526211664465	METTL14;METTL3	0.1284511867134887
5	GOBP_REGULATION_OF_MRNA_SPLICING_VIA_SPLICEOSOME	Regulation Of Mrna Splicing Via Spliceosome	2	8	7	170	6.071428571428571	0.036274526211664465	RBM15;WTAP	0.1284511867134887
5	GOBP_REGULATION_OF_RNA_SPLICING	Regulation Of Rna Splicing	2	8	7	170	6.071428571428571	0.036274526211664465	RBM15;WTAP	0.1284511867134887
5	GOBP_REGULATORY_NCRNA_MEDIATED_GENE_SILENCING	Regulatory Ncrna Mediated Gene Silencing	2	8	7	170	6.071428571428571	0.036274526211664465	METTL14;METTL3	0.1284511867134887
5	GOBP_SEXUAL_REPRODUCTION	Sexual Reproduction	2	8	7	170	6.071428571428571	0.036274526211664465	METTL14;METTL3	0.1284511867134887
3	GOBP_NUCLEIC_ACID_CATABOLIC_PROCESS	Nucleic Acid Catabolic Process	4	12	20	170	2.833333333333333	0.037470882897341844	INTS3;INTS9;LSM6;METTL16	0.1284511867134887
3	GOBP_NUCLEOBASE_CONTAINING_COMPOUND_CATABOLIC_PROCESS	Nucleobase Containing Compound Catabolic Process	4	12	20	170	2.833333333333333	0.037470882897341844	INTS3;INTS9;LSM6;METTL16	0.1284511867134887
2	GOBP_CYTOPLASMIC_TRANSLATIONAL_INITIATION	Cytoplasmic Translational Initiation	4	31	8	170	2.741935483870968	0.03760358574773115	EIF2B1;EIF2B3;EIF2B4;EIF2B5	0.1284511867134887
2	GOBP_PROTEIN_TRANSPORT	Protein Transport	4	31	8	170	2.741935483870968	0.03760358574773115	DNAJC19;GFER;HSPA9;TIMM23B	0.1284511867134887
3	GOBP_PROTEIN_CONTAINING_COMPLEX_ORGANIZATION	Protein Containing Complex Organization	5	12	30	170	2.361111111111111	0.03927542407018107	DDX20;GEMIN4;GEMIN5;LSM6;SMN2	0.1321804309743186
9	GOBP_REGULATION_OF_CATABOLIC_PROCESS	Regulation Of Catabolic Process	2	4	15	170	5.666666666666666	0.03945363710448925	CAMLG;NBAS	0.1321804309743186
6	GOBP_RNA_MODIFICATION	Rna Modification	5	7	56	170	2.168367346938776	0.03972261656223046	NSUN5;RPUSD1;TRMU;TSR3;WDR4	0.1321804309743186
5	GOBP_NEGATIVE_REGULATION_OF_NUCLEOBASE_CONTAINING_COMPOUND_METABOLIC_PROCESS	Negative Regulation Of Nucleobase Containing Compound Metabolic Process	3	8	18	170	3.5416666666666665	0.040088987645027184	METTL14;METTL3;RBM15	0.1322593951365854
3	GOBP_RIBONUCLEOPROTEIN_COMPLEX_BIOGENESIS	Ribonucleoprotein Complex Biogenesis	7	12	53	170	1.871069182389937	0.04121157379807049	DDX20;GEMIN4;GEMIN5;LSM6;METTL16;SMN2;WBP11	0.13481074140724755
2	GOBP_PROTEIN_COMPLEX_OLIGOMERIZATION	Protein Complex Oligomerization	3	31	5	170	3.2903225806451615	0.042738677800152725	FARSA;OXA1L;THG1L	0.1374760802571579
2	GOBP_PROTEOLYSIS	Proteolysis	3	31	5	170	3.2903225806451615	0.042738677800152725	LONP1;OXA1L;PMPCB	0.1374760802571579
6	GOBP_NUCLEAR_TRANSCRIBED_MRNA_CATABOLIC_PROCESS	Nuclear Transcribed Mrna Catabolic Process	2	7	9	170	5.396825396825396	0.04570300743670759	DCP2;YBX1	0.14579637083114982
5	GOBP_CHROMATIN_ORGANIZATION	Chromatin Organization	2	8	8	170	5.3125	0.04720693695726661	METTL3;RBM15	0.14695062633471703
5	GOBP_GENERATION_OF_NEURONS	Generation Of Neurons	2	8	8	170	5.3125	0.04720693695726661	METTL14;METTL3	0.14695062633471703
5	GOBP_NEGATIVE_REGULATION_OF_CATABOLIC_PROCESS	Negative Regulation Of Catabolic Process	2	8	8	170	5.3125	0.04720693695726661	METTL14;METTL3	0.14695062633471703
1	GOBP_CHROMATIN_ORGANIZATION	Chromatin Organization	5	50	8	170	2.125	0.0492583724245836	BUD23;DDX21;FBL;TAF7;TRMT112	0.15210985404711413
9	GOBP_NITROGEN_COMPOUND_TRANSPORT	Nitrogen Compound Transport	2	4	17	170	5.0	0.05025485799322742	NBAS;RINT1	0.1539553586141729
6	GOBP_RRNA_MODIFICATION	Rrna Modification	3	7	23	170	3.1677018633540373	0.05294671652117689	NSUN5;RPUSD1;TSR3	0.16092466596200222
5	GOBP_NEGATIVE_REGULATION_OF_GENE_EXPRESSION	Negative Regulation Of Gene Expression	3	8	20	170	3.1875	0.05339586269238961	METTL14;METTL3;RBM15	0.16102189843173742
6	GOBP_POSITIVE_REGULATION_OF_CATABOLIC_PROCESS	Positive Regulation Of Catabolic Process	2	7	10	170	4.857142857142858	0.055980637591956456	DCP2;YBX1	0.1669051972627093
1	GOBP_RRNA_METHYLATION	Rrna Methylation	8	50	16	170	1.7	0.057535077632864695	BUD23;DIMT1;EMG1;FBL;MRM1;NOP2;NOP58;TRMT112	0.1669051972627093
3	GOBP_REGULATION_OF_DNA_TEMPLATED_TRANSCRIPTION_ELONGATION	Regulation Of Dna Templated Transcription Elongation	2	12	6	170	4.722222222222222	0.058624559744927085	INTS3;INTS9	0.1669051972627093
3	GOBP_TRANSCRIPTION_ELONGATION_BY_RNA_POLYMERASE_II	Transcription Elongation By Rna Polymerase Ii	2	12	6	170	4.722222222222222	0.058624559744927085	INTS3;INTS9	0.1669051972627093
2	GOBP_PROTEIN_LOCALIZATION_TO_ORGANELLE	Protein Localization To Organelle	4	31	9	170	2.4372759856630823	0.05894456076322069	DNAJC19;GFER;OXA1L;TIMM23B	0.1669051972627093
2	GOBP_REGULATION_OF_TRANSLATIONAL_INITIATION	Regulation Of Translational Initiation	4	31	9	170	2.4372759856630823	0.05894456076322069	EIF2B1;EIF2B3;EIF2B4;EIF2B5	0.1669051972627093
2	GOBP_TRANSLATIONAL_INITIATION	Translational Initiation	4	31	9	170	2.4372759856630823	0.05894456076322069	EIF2B1;EIF2B3;EIF2B4;EIF2B5	0.1669051972627093
5	GOBP_DNA_DAMAGE_RESPONSE	Dna Damage Response	2	8	9	170	4.722222222222222	0.0592383731217388	METTL14;METTL3	0.1669051972627093
5	GOBP_REGULATION_OF_MRNA_PROCESSING	Regulation Of Mrna Processing	2	8	9	170	4.722222222222222	0.0592383731217388	RBM15;WTAP	0.1669051972627093
1	GOBP_NEGATIVE_REGULATION_OF_CELLULAR_COMPONENT_ORGANIZATION	Negative Regulation Of Cellular Component Organization	4	50	6	170	2.2666666666666666	0.062435386393586756	NAT10;RPL24;RPL36;RPS6	0.1695701327388854
1	GOBP_RNA_CAPPING	Rna Capping	4	50	6	170	2.2666666666666666	0.062435386393586756	CMTR1;NCBP1;RAMAC;RNMT	0.1695701327388854
1	GOBP_RNA_GUANINE_N7_METHYLATION	Rna Guanine N7 Methylation	4	50	6	170	2.2666666666666666	0.062435386393586756	BUD23;RAMAC;RNMT;TRMT112	0.1695701327388854
1	GOBP_RRNA_BASE_METHYLATION	Rrna Base Methylation	4	50	6	170	2.2666666666666666	0.062435386393586756	BUD23;EMG1;NOP2;TRMT112	0.1695701327388854
2	GOBP_NITROGEN_COMPOUND_TRANSPORT	Nitrogen Compound Transport	6	31	17	170	1.9354838709677418	0.06282002326855081	ATP11B;DNAJC19;GFER;HSPA9;RTRAF;TIMM23B	0.1695701327388854
2	GOBP_POSITIVE_REGULATION_OF_PROTEIN_METABOLIC_PROCESS	Positive Regulation Of Protein Metabolic Process	6	31	17	170	1.9354838709677418	0.06282002326855081	DNAJA3;EIF2B1;EIF2B3;EIF2B4;EIF2B5;TRMT10C	0.1695701327388854
3	GOBP_MACROMOLECULE_CATABOLIC_PROCESS	Macromolecule Catabolic Process	4	12	24	170	2.361111111111111	0.06959018895060329	INTS3;INTS9;LSM6;METTL16	0.18654036760370046
5	GOBP_DEVELOPMENTAL_PROCESS_INVOLVED_IN_REPRODUCTION	Developmental Process Involved In Reproduction	2	8	10	170	4.25	0.07226931524086823	METTL14;METTL3	0.19106818960941874
5	GOBP_POSITIVE_REGULATION_OF_CATABOLIC_PROCESS	Positive Regulation Of Catabolic Process	2	8	10	170	4.25	0.07226931524086823	METTL14;METTL3	0.19106818960941874
7	GOBP_REGULATION_OF_TRANSLATION	Regulation Of Translation	3	7	26	170	2.8021978021978025	0.0733044318071805	ELP3;ELP4;ELP5	0.19248646719436516
6	GOBP_POSITIVE_REGULATION_OF_MRNA_METABOLIC_PROCESS	Positive Regulation Of Mrna Metabolic Process	2	7	12	170	4.0476190476190474	0.07882969114552381	DCP2;YBX1	0.20285507188114796
6	GOBP_REGULATION_OF_MRNA_CATABOLIC_PROCESS	Regulation Of Mrna Catabolic Process	2	7	12	170	4.0476190476190474	0.07882969114552381	DCP2;YBX1	0.20285507188114796
6	GOBP_RNA_LOCALIZATION	Rna Localization	2	7	12	170	4.0476190476190474	0.07882969114552381	DCP2;YBX1	0.20285507188114796
2	GOBP_CENTRAL_NERVOUS_SYSTEM_DEVELOPMENT	Central Nervous System Development	4	31	10	170	2.193548387096774	0.08558764137262066	EIF2B1;EIF2B3;EIF2B4;EIF2B5	0.21467871602499777
1	GOBP_BIOLOGICAL_PROCESS_INVOLVED_IN_INTERSPECIES_INTERACTION_BETWEEN_ORGANISMS	Biological Process Involved In Interspecies Interaction Between Organisms	5	50	9	170	1.8888888888888888	0.0859576275638033	DDX21;DDX56;EXOSC4;NCBP1;RPS19	0.21467871602499777
1	GOBP_DNA_TEMPLATED_TRANSCRIPTION_ELONGATION	Dna Templated Transcription Elongation	5	50	9	170	1.8888888888888888	0.0859576275638033	NCBP1;NCBP2;POLR1B;POLR1C;POLR1E	0.21467871602499777
4	GOBP_MITOCHONDRIAL_RNA_MODIFICATION	Mitochondrial Rna Modification	2	11	8	170	3.8636363636363633	0.08620518389604832	PTCD1;RPUSD4	0.21467871602499777
5	GOBP_REPRODUCTIVE_PROCESS	Reproductive Process	2	8	11	170	3.8636363636363633	0.08620518389604832	METTL14;METTL3	0.21467871602499777
5	GOBP_RNA_PROCESSING	Rna Processing	7	8	100	170	1.4875	0.08926557651515334	CBLL1;METTL14;METTL3;RBM15;VIRMA;WTAP;ZC3H13	0.22087508035159736
1	GOBP_POSITIVE_REGULATION_OF_RNA_METABOLIC_PROCESS	Positive Regulation Of Rna Metabolic Process	11	50	26	170	1.4384615384615385	0.09321975965536716	AATF;BUD23;DDX21;DIMT1;NCBP1;NCBP2;NOL11;PPRC1;RIOK1;TAF7;TRMT112	0.2291899823373995
9	GOBP_MACROMOLECULE_CATABOLIC_PROCESS	Macromolecule Catabolic Process	2	4	24	170	3.5416666666666665	0.09610107019812494	CAMLG;NBAS	0.23477856390174828
1	GOBP_RNA_LOCALIZATION	Rna Localization	6	50	12	170	1.7	0.1006346415807637	DKC1;FBL;NCBP1;NCBP2;NOP10;NOP58	0.24204398377192313
5	GOBP_POSITIVE_REGULATION_OF_MRNA_METABOLIC_PROCESS	Positive Regulation Of Mrna Metabolic Process	2	8	12	170	3.5416666666666665	0.10095616939709746	METTL14;METTL3	0.24204398377192313
5	GOBP_REGULATION_OF_MRNA_CATABOLIC_PROCESS	Regulation Of Mrna Catabolic Process	2	8	12	170	3.5416666666666665	0.10095616939709746	METTL14;METTL3	0.24204398377192313
5	GOBP_POSITIVE_REGULATION_OF_RNA_METABOLIC_PROCESS	Positive Regulation Of Rna Metabolic Process	3	8	26	170	2.4519230769230766	0.1053444719689047	METTL14;METTL3;RBM15	0.25100596407405684
1	GOBP_EMBRYO_DEVELOPMENT	Embryo Development	4	50	7	170	1.942857142857143	0.1138809738653835	EMG1;NLE1;POLR1B;TCOF1	0.2668842966446532
1	GOBP_EMBRYO_DEVELOPMENT_ENDING_IN_BIRTH_OR_EGG_HATCHING	Embryo Development Ending In Birth Or Egg Hatching	4	50	7	170	1.942857142857143	0.1138809738653835	EMG1;NLE1;POLR1B;TCOF1	0.2668842966446532
7	GOBP_REGULATION_OF_PROTEIN_METABOLIC_PROCESS	Regulation Of Protein Metabolic Process	3	7	31	170	2.350230414746544	0.11477407575909955	ELP3;ELP4;ELP5	0.2668842966446532
2	GOBP_PHOSPHORUS_METABOLIC_PROCESS	Phosphorus Metabolic Process	3	31	7	170	2.350230414746544	0.11477407575909956	DNAJC19;RTRAF;SLC25A10	0.2668842966446532
6	GOBP_MRNA_CATABOLIC_PROCESS	Mrna Catabolic Process	2	7	15	170	3.238095238095238	0.11795223963998828	DCP2;YBX1	0.27100931250616356
6	GOBP_REGULATION_OF_CATABOLIC_PROCESS	Regulation Of Catabolic Process	2	7	15	170	3.238095238095238	0.11795223963998828	DCP2;YBX1	0.27100931250616356
3	GOBP_DNA_TEMPLATED_TRANSCRIPTION_ELONGATION	Dna Templated Transcription Elongation	2	12	9	170	3.1481481481481484	0.12468262226650978	INTS3;INTS9	0.28144732277703377
3	GOBP_DNA_TEMPLATED_TRANSCRIPTION_INITIATION	Dna Templated Transcription Initiation	2	12	9	170	3.1481481481481484	0.12468262226650978	INTS3;INTS9	0.28144732277703377
3	GOBP_REGULATION_OF_PROGRAMMED_CELL_DEATH	Regulation Of Programmed Cell Death	2	12	9	170	3.1481481481481484	0.12468262226650978	DDX20;NAA38	0.28144732277703377
6	GOBP_POSITIVE_REGULATION_OF_TRANSLATION	Positive Regulation Of Translation	2	7	16	170	3.0357142857142856	0.13206679613038216	NSUN5;YBX1	0.29519475826094754
1	GOBP_DNA_METABOLIC_PROCESS	Dna Metabolic Process	5	50	10	170	1.7	0.13355268640274162	DKC1;EXOSC4;NAT10;NOP10;TAF7	0.29519475826094754
6	GOBP_POST_TRANSCRIPTIONAL_REGULATION_OF_GENE_EXPRESSION	Post Transcriptional Regulation Of Gene Expression	3	7	33	170	2.207792207792208	0.13383182045509281	DCP2;NSUN5;YBX1	0.29519475826094754
7	GOBP_POST_TRANSCRIPTIONAL_REGULATION_OF_GENE_EXPRESSION	Post Transcriptional Regulation Of Gene Expression	3	7	33	170	2.207792207792208	0.13383182045509281	ELP3;ELP4;ELP5	0.29519475826094754
6	GOBP_RNA_PROCESSING	Rna Processing	6	7	100	170	1.4571428571428573	0.13843421132629236	NSUN5;RPUSD1;TRMU;TSR3;WDR4;YBX1	0.3036113952951639
2	GOBP_POSITIVE_REGULATION_OF_TRANSLATION	Positive Regulation Of Translation	5	31	16	170	1.713709677419355	0.1414051907231033	EIF2B1;EIF2B3;EIF2B4;EIF2B5;TRMT10C	0.3083751616899315
6	GOBP_POSITIVE_REGULATION_OF_PROTEIN_METABOLIC_PROCESS	Positive Regulation Of Protein Metabolic Process	2	7	17	170	2.857142857142857	0.14663350724427784	NSUN5;YBX1	0.3108250044590524
5	GOBP_MRNA_CATABOLIC_PROCESS	Mrna Catabolic Process	2	8	15	170	2.833333333333333	0.14926981385691543	METTL14;METTL3	0.3108250044590524
5	GOBP_NEUROGENESIS	Neurogenesis	2	8	15	170	2.833333333333333	0.14926981385691543	METTL14;METTL3	0.3108250044590524
5	GOBP_REGULATION_OF_CATABOLIC_PROCESS	Regulation Of Catabolic Process	2	8	15	170	2.833333333333333	0.14926981385691543	METTL14;METTL3	0.3108250044590524
3	GOBP_POSITIVE_REGULATION_OF_CATABOLIC_PROCESS	Positive Regulation Of Catabolic Process	2	12	10	170	2.833333333333333	0.14971697742918944	LSM6;METTL16	0.3108250044590524
1	GOBP_CHROMOSOME_ORGANIZATION	Chromosome Organization	3	50	5	170	2.04	0.15219151772735987	DKC1;NAT10;NOP10	0.3108250044590524
1	GOBP_MITOTIC_CELL_CYCLE	Mitotic Cell Cycle	3	50	5	170	2.04	0.15219151772735987	AATF;NLE1;RPL24	0.3108250044590524
1	GOBP_POSITIVE_REGULATION_OF_MULTICELLULAR_ORGANISMAL_PROCESS	Positive Regulation Of Multicellular Organismal Process	3	50	5	170	2.04	0.15219151772735987	DDX21;RPS19;SRRT	0.3108250044590524
1	GOBP_REGULATION_OF_DNA_METABOLIC_PROCESS	Regulation Of Dna Metabolic Process	3	50	5	170	2.04	0.15219151772735987	DKC1;NAT10;TAF7	0.3108250044590524
1	GOBP_RRNA_2_O_METHYLATION	Rrna 2 O Methylation	3	50	5	170	2.04	0.15219151772735987	FBL;MRM1;NOP58	0.3108250044590524
1	GOBP_TELOMERE_MAINTENANCE_VIA_TELOMERE_LENGTHENING	Telomere Maintenance Via Telomere Lengthening	3	50	5	170	2.04	0.15219151772735987	DKC1;NAT10;NOP10	0.3108250044590524
1	GOBP_TELOMERE_ORGANIZATION	Telomere Organization	3	50	5	170	2.04	0.15219151772735987	DKC1;NAT10;NOP10	0.3108250044590524
6	GOBP_NEGATIVE_REGULATION_OF_NUCLEOBASE_CONTAINING_COMPOUND_METABOLIC_PROCESS	Negative Regulation Of Nucleobase Containing Compound Metabolic Process	2	7	18	170	2.698412698412698	0.1616048492224484	DCP2;YBX1	0.3265940931930109
6	GOBP_REGULATION_OF_MRNA_METABOLIC_PROCESS	Regulation Of Mrna Metabolic Process	2	7	18	170	2.698412698412698	0.1616048492224484	DCP2;YBX1	0.3265940931930109
5	GOBP_POSITIVE_REGULATION_OF_TRANSLATION	Positive Regulation Of Translation	2	8	16	170	2.65625	0.1664728315834487	METTL14;METTL3	0.33467975516255827
2	GOBP_REGULATION_OF_PROTEIN_METABOLIC_PROCESS	Regulation Of Protein Metabolic Process	8	31	31	170	1.4151925078043703	0.1698268019400103	DNAJA3;EIF2B1;EIF2B3;EIF2B4;EIF2B5;RTRAF;SAMD4B;TRMT10C	0.3396536038800206
6	GOBP_CELLULAR_RESPONSE_TO_STRESS	Cellular Response To Stress	2	7	19	170	2.556390977443609	0.17693541070628716	WDR4;YBX1	0.35154275544993263
1	GOBP_CELL_CYCLE	Cell Cycle	4	50	8	170	1.7	0.1785035753061834	AATF;NAT10;NLE1;RPL24	0.35154275544993263
1	GOBP_RIBOSOMAL_LARGE_SUBUNIT_BIOGENESIS	Ribosomal Large Subunit Biogenesis	4	50	8	170	1.7	0.1785035753061834	NLE1;NOP2;RPL24;TRMT112	0.35154275544993263
5	GOBP_POSITIVE_REGULATION_OF_PROTEIN_METABOLIC_PROCESS	Positive Regulation Of Protein Metabolic Process	2	8	17	170	2.5	0.18410778655160046	METTL14;METTL3	0.3607391147660801
5	GOBP_MACROMOLECULE_METHYLATION	Macromolecule Methylation	3	8	33	170	1.9318181818181819	0.18604855710366178	METTL14;METTL3;RBM15	0.36087810573876106
5	GOBP_RNA_METHYLATION	Rna Methylation	3	8	33	170	1.9318181818181819	0.18604855710366178	METTL14;METTL3;RBM15	0.36087810573876106
1	GOBP_POSITIVE_REGULATION_OF_TRANSCRIPTION_BY_RNA_POLYMERASE_II	Positive Regulation Of Transcription By Rna Polymerase Ii	5	50	11	170	1.5454545454545454	0.19056760063688663	DDX21;NCBP1;NCBP2;PPRC1;TAF7	0.3626175014059133
1	GOBP_RNA_3_END_PROCESSING	Rna 3 End Processing	5	50	11	170	1.5454545454545454	0.19056760063688663	DKC1;EXOSC4;FBL;NCBP1;NCBP2	0.3626175014059133
3	GOBP_RNA_PROCESSING	Rna Processing	9	12	100	170	1.2750000000000001	0.19191501183590748	DDX20;GEMIN4;GEMIN5;INTS3;INTS9;LSM6;METTL16;SMN2;WBP11	0.3626175014059133
6	GOBP_NEGATIVE_REGULATION_OF_GENE_EXPRESSION	Negative Regulation Of Gene Expression	2	7	20	170	2.428571428571429	0.1925818336482182	DCP2;YBX1	0.3626175014059133
6	GOBP_NUCLEIC_ACID_CATABOLIC_PROCESS	Nucleic Acid Catabolic Process	2	7	20	170	2.428571428571429	0.1925818336482182	DCP2;YBX1	0.3626175014059133
6	GOBP_NUCLEOBASE_CONTAINING_COMPOUND_CATABOLIC_PROCESS	Nucleobase Containing Compound Catabolic Process	2	7	20	170	2.428571428571429	0.1925818336482182	DCP2;YBX1	0.3626175014059133
1	GOBP_CYTOPLASMIC_TRANSLATION	Cytoplasmic Translation	6	50	14	170	1.4571428571428573	0.1958998634532693	NCBP1;NCBP2;RPL24;RPL36;RPS19;RPS6	0.36707450142214537
3	GOBP_POSITIVE_REGULATION_OF_MRNA_METABOLIC_PROCESS	Positive Regulation Of Mrna Metabolic Process	2	12	12	170	2.361111111111111	0.20267552880516726	LSM6;METTL16	0.3761190101865123
3	GOBP_REGULATION_OF_MRNA_CATABOLIC_PROCESS	Regulation Of Mrna Catabolic Process	2	12	12	170	2.361111111111111	0.20267552880516726	LSM6;METTL16	0.3761190101865123
6	GOBP_POSITIVE_REGULATION_OF_GENE_EXPRESSION	Positive Regulation Of Gene Expression	2	7	21	170	2.312925170068027	0.20850275523825343	NSUN5;YBX1	0.3850816436457695
4	GOBP_TRNA_METABOLIC_PROCESS	Trna Metabolic Process	4	11	38	170	1.6267942583732056	0.21088426793266501	AARS2;PTCD1;RPUSD4;TARS2	0.38658233885904986
2	GOBP_REGULATION_OF_PROGRAMMED_CELL_DEATH	Regulation Of Programmed Cell Death	3	31	9	170	1.827956989247312	0.21214227426727053	DNAJA3;EIF2B5;HSPA9	0.38658233885904986
5	GOBP_METHYLATION	Methylation	3	8	35	170	1.8214285714285716	0.21231983377750924	METTL14;METTL3;RBM15	0.38658233885904986
5	GOBP_CELLULAR_RESPONSE_TO_STRESS	Cellular Response To Stress	2	8	19	170	2.236842105263158	0.2204190278393839	METTL14;METTL3	0.3994448110140948
2	GOBP_AMINO_ACID_METABOLIC_PROCESS	Amino Acid Metabolic Process	2	31	5	170	2.193548387096774	0.22539215126052572	FARSA;RARS2	0.4009279741316264
2	GOBP_HOMEOSTASIS_OF_NUMBER_OF_CELLS	Homeostasis Of Number Of Cells	2	31	5	170	2.193548387096774	0.22539215126052572	DNAJA3;HSPA9	0.4009279741316264
2	GOBP_NEGATIVE_REGULATION_OF_IMMUNE_SYSTEM_PROCESS	Negative Regulation Of Immune System Process	2	31	5	170	2.193548387096774	0.22539215126052572	DNAJA3;HSPA9	0.4009279741316264
2	GOBP_REGULATION_OF_PROTEIN_MODIFICATION_PROCESS	Regulation Of Protein Modification Process	2	31	5	170	2.193548387096774	0.22539215126052572	DNAJA3;RTRAF	0.4009279741316264
2	GOBP_CYTOPLASMIC_TRANSLATION	Cytoplasmic Translation	4	31	14	170	1.566820276497696	0.2362447844514103	EIF2B1;EIF2B3;EIF2B4;EIF2B5	0.4150746335004323
5	GOBP_NUCLEIC_ACID_CATABOLIC_PROCESS	Nucleic Acid Catabolic Process	2	8	20	170	2.125	0.2389771573001611	METTL14;METTL3	0.4150746335004323
5	GOBP_NUCLEOBASE_CONTAINING_COMPOUND_CATABOLIC_PROCESS	Nucleobase Containing Compound Catabolic Process	2	8	20	170	2.125	0.2389771573001611	METTL14;METTL3	0.4150746335004323
1	GOBP_CHROMATIN_REMODELING	Chromatin Remodeling	3	50	6	170	1.7	0.24194764906113284	DDX21;FBL;TRMT112	0.4150746335004323
1	GOBP_MIRNA_PROCESSING	Mirna Processing	3	50	6	170	1.7	0.24194764906113284	NCBP1;NCBP2;SRRT	0.4150746335004323
1	GOBP_MULTICELLULAR_ORGANISMAL_LEVEL_HOMEOSTASIS	Multicellular Organismal Level Homeostasis	3	50	6	170	1.7	0.24194764906113284	NLE1;PPRC1;RPS19	0.4150746335004323
1	GOBP_PRIMARY_MIRNA_PROCESSING	Primary Mirna Processing	3	50	6	170	1.7	0.24194764906113284	NCBP1;NCBP2;SRRT	0.4150746335004323
1	GOBP_REGULATORY_NCRNA_PROCESSING	Regulatory Ncrna Processing	3	50	6	170	1.7	0.24194764906113284	NCBP1;NCBP2;SRRT	0.4150746335004323
5	GOBP_RNA_MODIFICATION	Rna Modification	4	8	56	170	1.5178571428571428	0.2463821321265303	METTL14;METTL3;RBM15;WTAP	0.41913539529820004
6	GOBP_RRNA_PROCESSING	Rrna Processing	3	7	43	170	1.6943521594684385	0.2466445899637713	NSUN5;RPUSD1;TSR3	0.41913539529820004
2	GOBP_CELLULAR_RESPONSE_TO_STRESS	Cellular Response To Stress	5	31	19	170	1.4431239388794566	0.24757220240411817	DNAJA3;EIF2B5;LONP1;RTCB;THG1L	0.41913539529820004
1	GOBP_RIBOSOME_ASSEMBLY	Ribosome Assembly	4	50	9	170	1.511111111111111	0.2525403335000875	NOP2;RPL24;RPS19;RPS6	0.4256793394368287
6	GOBP_MACROMOLECULE_CATABOLIC_PROCESS	Macromolecule Catabolic Process	2	7	24	170	2.0238095238095237	0.2575276209700262	DCP2;YBX1	0.43066677619026944
5	GOBP_POSITIVE_REGULATION_OF_GENE_EXPRESSION	Positive Regulation Of Gene Expression	2	8	21	170	2.0238095238095237	0.25773063549210423	METTL14;METTL3	0.43066677619026944
2	GOBP_DEVELOPMENTAL_PROCESS_INVOLVED_IN_REPRODUCTION	Developmental Process Involved In Reproduction	3	31	10	170	1.6451612903225807	0.2663799740792633	DNAJC19;EIF2B4;EIF2B5	0.4432011637698087
2	GOBP_NEUROGENESIS	Neurogenesis	4	31	15	170	1.4623655913978495	0.2814759753064491	EIF2B1;EIF2B3;EIF2B4;EIF2B5	0.46630783891969674
3	GOBP_MRNA_CATABOLIC_PROCESS	Mrna Catabolic Process	2	12	15	170	1.8888888888888888	0.2860891707589845	LSM6;METTL16	0.469916680480715
3	GOBP_REGULATION_OF_CATABOLIC_PROCESS	Regulation Of Catabolic Process	2	12	15	170	1.8888888888888888	0.2860891707589845	LSM6;METTL16	0.469916680480715
6	GOBP_POSITIVE_REGULATION_OF_RNA_METABOLIC_PROCESS	Positive Regulation Of Rna Metabolic Process	2	7	26	170	1.8681318681318682	0.290909704572224	DCP2;YBX1	0.47380230364927617
6	GOBP_REGULATION_OF_TRANSLATION	Regulation Of Translation	2	7	26	170	1.8681318681318682	0.290909704572224	NSUN5;YBX1	0.47380230364927617
6	GOBP_RRNA_METABOLIC_PROCESS	Rrna Metabolic Process	3	7	47	170	1.5501519756838906	0.2979949063162617	NSUN5;RPUSD1;TSR3	0.4795771220929315
2	GOBP_MITOCHONDRIAL_TRNA_MODIFICATION	Mitochondrial Trna Modification	2	31	6	170	1.8279569892473115	0.3006675221411643	TRMT10C;TRMT5	0.4795771220929315
2	GOBP_MITOCHONDRIAL_TRNA_PROCESSING	Mitochondrial Trna Processing	2	31	6	170	1.8279569892473115	0.3006675221411643	TRMT10C;TRMT5	0.4795771220929315
2	GOBP_MULTICELLULAR_ORGANISMAL_LEVEL_HOMEOSTASIS	Multicellular Organismal Level Homeostasis	2	31	6	170	1.8279569892473115	0.3006675221411643	DNAJA3;HSPA9	0.4795771220929315
2	GOBP_NEGATIVE_REGULATION_OF_PROGRAMMED_CELL_DEATH	Negative Regulation Of Programmed Cell Death	2	31	6	170	1.8279569892473115	0.3006675221411643	DNAJA3;HSPA9	0.4795771220929315
6	GOBP_TRNA_MODIFICATION	Trna Modification	2	7	27	170	1.7989417989417988	0.3077136673024137	TRMU;WDR4	0.4887961957972497
6	GOBP_RIBOSOME_BIOGENESIS	Ribosome Biogenesis	3	7	48	170	1.5178571428571428	0.3112115486679182	NSUN5;RPUSD1;TSR3	0.4923264663353133
5	GOBP_MACROMOLECULE_CATABOLIC_PROCESS	Macromolecule Catabolic Process	2	8	24	170	1.7708333333333333	0.3146727343588362	METTL14;METTL3	0.49405568745080763
1	GOBP_PROTEIN_RNA_COMPLEX_ORGANIZATION	Protein Rna Complex Organization	6	50	16	170	1.275	0.31486450547383077	DKC1;NCBP1;NOP2;RPL24;RPS19;RPS6	0.49405568745080763
2	GOBP_REPRODUCTIVE_PROCESS	Reproductive Process	3	31	11	170	1.4956011730205279	0.3223126020103809	DNAJC19;EIF2B4;EIF2B5	0.5036949974737127
2	GOBP_REGULATION_OF_TRANSLATION	Regulation Of Translation	6	31	26	170	1.2655086848635235	0.3257644589234496	EIF2B1;EIF2B3;EIF2B4;EIF2B5;SAMD4B;TRMT10C	0.506324334324443
2	GOBP_POSITIVE_REGULATION_OF_GENE_EXPRESSION	Positive Regulation Of Gene Expression	5	31	21	170	1.30568356374808	0.32833709408118805	EIF2B1;EIF2B3;EIF2B4;EIF2B5;TRMT10C	0.506324334324443
1	GOBP_HOMEOSTATIC_PROCESS	Homeostatic Process	4	50	10	170	1.3599999999999999	0.3318654315649847	NLE1;PPRC1;RPS19;RPS6	0.506324334324443
1	GOBP_MEMBRANELESS_ORGANELLE_ASSEMBLY	Membraneless Organelle Assembly	4	50	10	170	1.3599999999999999	0.3318654315649847	NOP2;RPL24;RPS19;RPS6	0.506324334324443
1	GOBP_ORGANELLE_ASSEMBLY	Organelle Assembly	4	50	10	170	1.3599999999999999	0.3318654315649847	NOP2;RPL24;RPS19;RPS6	0.506324334324443
1	GOBP_RNA_5_END_PROCESSING	Rna 5 End Processing	4	50	10	170	1.3599999999999999	0.3318654315649847	CMTR1;NCBP1;RAMAC;RNMT	0.506324334324443
1	GOBP_REGULATION_OF_CELL_CYCLE	Regulation Of Cell Cycle	3	50	7	170	1.4571428571428573	0.33799765545794497	AATF;NAT10;NLE1	0.5076540661741897
1	GOBP_REGULATORY_NCRNA_MEDIATED_GENE_SILENCING	Regulatory Ncrna Mediated Gene Silencing	3	50	7	170	1.4571428571428573	0.33799765545794497	NCBP1;NCBP2;SRRT	0.5076540661741897
1	GOBP_SNRNA_METABOLIC_PROCESS	Snrna Metabolic Process	3	50	7	170	1.4571428571428573	0.33799765545794497	DKC1;EXOSC4;NOP10	0.5076540661741897
1	GOBP_SNRNA_PROCESSING	Snrna Processing	3	50	7	170	1.4571428571428573	0.33799765545794497	DKC1;EXOSC4;NOP10	0.5076540661741897
5	GOBP_REGULATION_OF_TRANSLATION	Regulation Of Translation	2	8	26	170	1.6346153846153846	0.3527647821066639	METTL14;METTL3	0.5277798678029932
3	GOBP_RRNA_PROCESSING	Rrna Processing	4	12	43	170	1.3178294573643412	0.3581947131279703	GEMIN4;LSM6;METTL16;WBP11	0.5338345917660098
3	GOBP_NEGATIVE_REGULATION_OF_NUCLEOBASE_CONTAINING_COMPOUND_METABOLIC_PROCESS	Negative Regulation Of Nucleobase Containing Compound Metabolic Process	2	12	18	170	1.5740740740740742	0.3701890605596584	DDX20;METTL16	0.5462626855391707
3	GOBP_REGULATION_OF_MRNA_METABOLIC_PROCESS	Regulation Of Mrna Metabolic Process	2	12	18	170	1.5740740740740742	0.3701890605596584	LSM6;METTL16	0.5462626855391707
2	GOBP_HEMOPOIESIS	Hemopoiesis	2	31	7	170	1.566820276497696	0.37502490069399025	DNAJA3;HSPA9	0.5462626855391707
2	GOBP_MITOCHONDRIAL_RNA_PROCESSING	Mitochondrial Rna Processing	2	31	7	170	1.566820276497696	0.37502490069399025	TRMT10C;TRMT5	0.5462626855391707
2	GOBP_NEGATIVE_REGULATION_OF_CELL_COMMUNICATION	Negative Regulation Of Cell Communication	2	31	7	170	1.566820276497696	0.37502490069399025	DNAJA3;LONP1	0.5462626855391707
6	GOBP_REGULATION_OF_PROTEIN_METABOLIC_PROCESS	Regulation Of Protein Metabolic Process	2	7	31	170	1.566820276497696	0.37502490069399025	NSUN5;YBX1	0.5462626855391707
6	GOBP_RIBONUCLEOPROTEIN_COMPLEX_BIOGENESIS	Ribonucleoprotein Complex Biogenesis	3	7	53	170	1.3746630727762805	0.37884134347056303	NSUN5;RPUSD1;TSR3	0.5497472127054035
7	GOBP_TRANSLATION	Translation	3	7	54	170	1.349206349206349	0.3925757651627031	ELP3;ELP4;ELP5	0.567543990085406
6	GOBP_MACROMOLECULE_METHYLATION	Macromolecule Methylation	2	7	33	170	1.4718614718614718	0.40839079057498795	NSUN5;WDR4	0.5860180117544437
6	GOBP_RNA_METHYLATION	Rna Methylation	2	7	33	170	1.4718614718614718	0.40839079057498795	NSUN5;WDR4	0.5860180117544437
3	GOBP_POST_TRANSCRIPTIONAL_REGULATION_OF_GENE_EXPRESSION	Post Transcriptional Regulation Of Gene Expression	3	12	33	170	1.2878787878787878	0.42216738001563364	GEMIN5;LSM6;METTL16	0.6030499121227553
6	GOBP_TRNA_PROCESSING	Trna Processing	2	7	34	170	1.4285714285714286	0.42492445118439776	TRMU;WDR4	0.6030499121227553
3	GOBP_NEGATIVE_REGULATION_OF_GENE_EXPRESSION	Negative Regulation Of Gene Expression	2	12	20	170	1.4166666666666665	0.4249470883352057	LSM6;METTL16	0.6030499121227553
1	GOBP_GENERATION_OF_NEURONS	Generation Of Neurons	3	50	8	170	1.275	0.43369410354900184	DDX56;NOP58;RPL24	0.6097934004066786
2	GOBP_ESTABLISHMENT_OF_LOCALIZATION_IN_CELL	Establishment Of Localization In Cell	3	31	13	170	1.2655086848635235	0.43424663013316167	DNAJC19;HSPA9;OXA1L	0.6097934004066786
3	GOBP_RRNA_METABOLIC_PROCESS	Rrna Metabolic Process	4	12	47	170	1.2056737588652482	0.43443830339854045	GEMIN4;LSM6;METTL16;WBP11	0.6097934004066786
6	GOBP_METHYLATION	Methylation	2	7	35	170	1.3877551020408163	0.44133285678919065	NSUN5;WDR4	0.6153130570736614
2	GOBP_MITOCHONDRIAL_RNA_MODIFICATION	Mitochondrial Rna Modification	2	31	8	170	1.370967741935484	0.4463410776700134	TRMT10C;TRMT5	0.6153130570736614
2	GOBP_NEGATIVE_REGULATION_OF_PROTEIN_METABOLIC_PROCESS	Negative Regulation Of Protein Metabolic Process	2	31	8	170	1.370967741935484	0.4463410776700134	RTRAF;SAMD4B	0.6153130570736614
2	GOBP_NEGATIVE_REGULATION_OF_RESPONSE_TO_STIMULUS	Negative Regulation Of Response To Stimulus	2	31	8	170	1.370967741935484	0.4463410776700134	DNAJA3;LONP1	0.6153130570736614
5	GOBP_REGULATION_OF_PROTEIN_METABOLIC_PROCESS	Regulation Of Protein Metabolic Process	2	8	31	170	1.370967741935484	0.4463410776700134	METTL14;METTL3	0.6153130570736614
3	GOBP_RIBOSOME_BIOGENESIS	Ribosome Biogenesis	4	12	48	170	1.1805555555555556	0.4535362924308763	GEMIN4;LSM6;METTL16;WBP11	0.6153671024438099
1	GOBP_METHYLATION	Methylation	11	50	35	170	1.0685714285714285	0.45918284102353213	BUD23;CMTR1;DIMT1;EMG1;FBL;MRM1;NOP2;NOP58;RAMAC;RNMT;TRMT112	0.6153671024438099
1	GOBP_ALTERNATIVE_MRNA_SPLICING_VIA_SPLICEOSOME	Alternative Mrna Splicing Via Spliceosome	2	50	5	170	1.3599999999999999	0.4607282191872048	NCBP1;NCBP2	0.6153671024438099
1	GOBP_CELL_CYCLE_PROCESS	Cell Cycle Process	2	50	5	170	1.3599999999999999	0.4607282191872048	NAT10;RPL24	0.6153671024438099
1	GOBP_HOMEOSTASIS_OF_NUMBER_OF_CELLS	Homeostasis Of Number Of Cells	2	50	5	170	1.3599999999999999	0.4607282191872048	NLE1;RPS19	0.6153671024438099
1	GOBP_IN_UTERO_EMBRYONIC_DEVELOPMENT	In Utero Embryonic Development	2	50	5	170	1.3599999999999999	0.4607282191872048	EMG1;NLE1	0.6153671024438099
1	GOBP_REGULATION_OF_CELL_POPULATION_PROLIFERATION	Regulation Of Cell Population Proliferation	2	50	5	170	1.3599999999999999	0.4607282191872048	NOP2;RPS6	0.6153671024438099
1	GOBP_REGULATION_OF_ORGANELLE_ORGANIZATION	Regulation Of Organelle Organization	2	50	5	170	1.3599999999999999	0.4607282191872048	DKC1;NAT10	0.6153671024438099
1	GOBP_RIBOSOMAL_LARGE_SUBUNIT_ASSEMBLY	Ribosomal Large Subunit Assembly	2	50	5	170	1.3599999999999999	0.4607282191872048	NOP2;RPL24	0.6153671024438099
5	GOBP_POST_TRANSCRIPTIONAL_REGULATION_OF_GENE_EXPRESSION	Post Transcriptional Regulation Of Gene Expression	2	8	33	170	1.2878787878787878	0.4825048683987632	METTL14;METTL3	0.6422306179376642
6	GOBP_TRNA_METABOLIC_PROCESS	Trna Metabolic Process	2	7	38	170	1.2781954887218046	0.4896351123469789	TRMU;WDR4	0.6494816266870579
2	GOBP_TRNA_THREONYLCARBAMOYLADENOSINE_METABOLIC_PROCESS	Trna Threonylcarbamoyladenosine Metabolic Process	2	31	9	170	1.2186379928315412	0.5132550214993685	TRMT10C;TRMT5	0.6784809530779323
1	GOBP_MRNA_MODIFICATION	Mrna Modification	3	50	9	170	1.1333333333333333	0.524270988573459	DKC1;FBL;NOP58	0.6857471025530959
1	GOBP_NEGATIVE_REGULATION_OF_RNA_BIOSYNTHETIC_PROCESS	Negative Regulation Of Rna Biosynthetic Process	3	50	9	170	1.1333333333333333	0.524270988573459	DDX21;TAF7;ZBTB4	0.6857471025530959
1	GOBP_NUCLEAR_TRANSCRIBED_MRNA_CATABOLIC_PROCESS	Nuclear Transcribed Mrna Catabolic Process	3	50	9	170	1.1333333333333333	0.524270988573459	EXOSC4;NCBP1;NCBP2	0.6857471025530959
1	GOBP_MACROMOLECULE_METHYLATION	Macromolecule Methylation	10	50	33	170	1.0303030303030303	0.5276344286483665	BUD23;DIMT1;EMG1;FBL;MRM1;NOP2;NOP58;RAMAC;RNMT;TRMT112	0.6857471025530959
1	GOBP_RNA_METHYLATION	Rna Methylation	10	50	33	170	1.0303030303030303	0.5276344286483665	BUD23;DIMT1;EMG1;FBL;MRM1;NOP2;NOP58;RAMAC;RNMT;TRMT112	0.6857471025530959
1	GOBP_PROTEIN_CONTAINING_COMPLEX_ORGANIZATION	Protein Containing Complex Organization	9	50	30	170	1.02	0.5488795253334001	DKC1;NCBP1;NOP2;POLR1E;RPL24;RPS19;RPS6;TAF1C;TAF7	0.7109647542909142
2	GOBP_TRNA_METABOLIC_PROCESS	Trna Metabolic Process	7	31	38	170	1.0101867572156196	0.5700700513013168	FARSA;RARS2;RTCB;RTRAF;THG1L;TRMT10C;TRMT5	0.7168265232592608
1	GOBP_DEFENSE_RESPONSE_TO_OTHER_ORGANISM	Defense Response To Other Organism	2	50	6	170	1.1333333333333333	0.570118504250241	DDX21;RPS19	0.7168265232592608
1	GOBP_MALE_GAMETE_GENERATION	Male Gamete Generation	2	50	6	170	1.1333333333333333	0.570118504250241	RPL24;RPL36	0.7168265232592608
1	GOBP_NEGATIVE_REGULATION_OF_DEVELOPMENTAL_PROCESS	Negative Regulation Of Developmental Process	2	50	6	170	1.1333333333333333	0.570118504250241	RPL24;RPL36	0.7168265232592608
1	GOBP_NUCLEAR_EXPORT	Nuclear Export	2	50	6	170	1.1333333333333333	0.570118504250241	NCBP1;NCBP2	0.7168265232592608
1	GOBP_REGULATION_OF_CELL_DEVELOPMENT	Regulation Of Cell Development	2	50	6	170	1.1333333333333333	0.570118504250241	RPS19;SRRT	0.7168265232592608
1	GOBP_REGULATION_OF_DNA_TEMPLATED_TRANSCRIPTION_ELONGATION	Regulation Of Dna Templated Transcription Elongation	2	50	6	170	1.1333333333333333	0.570118504250241	NCBP1;NCBP2	0.7168265232592608
1	GOBP_RRNA_PSEUDOURIDINE_SYNTHESIS	Rrna Pseudouridine Synthesis	2	50	6	170	1.1333333333333333	0.570118504250241	DKC1;NOP10	0.7168265232592608
1	GOBP_TRANSCRIPTION_ELONGATION_BY_RNA_POLYMERASE_II	Transcription Elongation By Rna Polymerase Ii	2	50	6	170	1.1333333333333333	0.570118504250241	NCBP1;NCBP2	0.7168265232592608
2	GOBP_HOMEOSTATIC_PROCESS	Homeostatic Process	2	31	10	170	1.096774193548387	0.5749737833543949	DNAJA3;HSPA9	0.7171189927969693
2	GOBP_RNA_5_END_PROCESSING	Rna 5 End Processing	2	31	10	170	1.096774193548387	0.5749737833543949	THG1L;TRMT10C	0.7171189927969693
3	GOBP_POSITIVE_REGULATION_OF_RNA_METABOLIC_PROCESS	Positive Regulation Of Rna Metabolic Process	2	12	26	170	1.0897435897435899	0.5759245797074106	LSM6;METTL16	0.7171189927969693
2	GOBP_POST_TRANSCRIPTIONAL_REGULATION_OF_GENE_EXPRESSION	Post Transcriptional Regulation Of Gene Expression	6	31	33	170	0.9970674486803519	0.5900348463725875	EIF2B1;EIF2B3;EIF2B4;EIF2B5;SAMD4B;TRMT10C	0.7323262080380025
6	GOBP_MRNA_METABOLIC_PROCESS	Mrna Metabolic Process	2	7	45	170	1.0793650793650793	0.5951858104481387	DCP2;YBX1	0.7363516757467357
2	GOBP_INTRACELLULAR_TRANSPORT	Intracellular Transport	2	31	11	170	0.9970674486803519	0.6311207125419535	DNAJC19;HSPA9	0.7758362899401083
2	GOBP_TRNA_METHYLATION	Trna Methylation	2	31	11	170	0.9970674486803519	0.6311207125419535	TRMT10C;TRMT5	0.7758362899401083
1	GOBP_NEGATIVE_REGULATION_OF_NUCLEOBASE_CONTAINING_COMPOUND_METABOLIC_PROCESS	Negative Regulation Of Nucleobase Containing Compound Metabolic Process	5	50	18	170	0.9444444444444444	0.6581589360302911	DDX21;DKC1;NAT10;TAF7;ZBTB4	0.7922761662356763
1	GOBP_ESTABLISHMENT_OF_RNA_LOCALIZATION	Establishment Of Rna Localization	2	50	7	170	0.9714285714285715	0.6629668437671592	NCBP1;NCBP2	0.7922761662356763
1	GOBP_MULTICELLULAR_ORGANISMAL_REPRODUCTIVE_PROCESS	Multicellular Organismal Reproductive Process	2	50	7	170	0.9714285714285715	0.6629668437671592	RPL24;RPL36	0.7922761662356763
1	GOBP_NEGATIVE_REGULATION_OF_TRANSCRIPTION_BY_RNA_POLYMERASE_II	Negative Regulation Of Transcription By Rna Polymerase Ii	2	50	7	170	0.9714285714285715	0.6629668437671592	TAF7;ZBTB4	0.7922761662356763
1	GOBP_NUCLEAR_TRANSPORT	Nuclear Transport	2	50	7	170	0.9714285714285715	0.6629668437671592	NCBP1;NCBP2	0.7922761662356763
1	GOBP_NUCLEOBASE_CONTAINING_COMPOUND_TRANSPORT	Nucleobase Containing Compound Transport	2	50	7	170	0.9714285714285715	0.6629668437671592	NCBP1;NCBP2	0.7922761662356763
1	GOBP_PSEUDOURIDINE_SYNTHESIS	Pseudouridine Synthesis	2	50	7	170	0.9714285714285715	0.6629668437671592	DKC1;NOP10	0.7922761662356763
1	GOBP_REGULATION_OF_RESPONSE_TO_STRESS	Regulation Of Response To Stress	2	50	7	170	0.9714285714285715	0.6629668437671592	RPS19;TAF7	0.7922761662356763
1	GOBP_SEXUAL_REPRODUCTION	Sexual Reproduction	2	50	7	170	0.9714285714285715	0.6629668437671592	RPL24;RPL36	0.7922761662356763
1	GOBP_REPRODUCTIVE_PROCESS	Reproductive Process	3	50	11	170	0.9272727272727272	0.6795268119184668	POLR1B;RPL24;RPL36	0.8095520233932213
2	GOBP_MITOCHONDRIAL_RNA_METABOLIC_PROCESS	Mitochondrial Rna Metabolic Process	2	31	12	170	0.9139784946236558	0.6816176362766759	TRMT10C;TRMT5	0.8095520233932213
4	GOBP_TRNA_PROCESSING	Trna Processing	2	11	34	170	0.9090909090909091	0.6868550850039876	PTCD1;RPUSD4	0.8132701313237399
1	GOBP_NEUROGENESIS	Neurogenesis	4	50	15	170	0.9066666666666666	0.6961321461424742	DDX56;NOP58;RPL24;SRRT	0.8217339706758259
6	GOBP_TRANSLATION	Translation	2	7	54	170	0.8994708994708994	0.7120595436014117	NSUN5;YBX1	0.8379725116772709
2	GOBP_PROTEIN_MODIFICATION_PROCESS	Protein Modification Process	2	31	13	170	0.8436724565756824	0.7265941828482241	DNAJA3;RTRAF	0.8524782813963967
1	GOBP_CYTOPLASMIC_TRANSLATIONAL_INITIATION	Cytoplasmic Translational Initiation	2	50	8	170	0.85	0.7393910905065448	NCBP1;NCBP2	0.859653496793754
1	GOBP_NEGATIVE_REGULATION_OF_PROTEIN_METABOLIC_PROCESS	Negative Regulation Of Protein Metabolic Process	2	50	8	170	0.85	0.7393910905065448	AATF;TAF7	0.859653496793754
1	GOBP_NEGATIVE_REGULATION_OF_RESPONSE_TO_STIMULUS	Negative Regulation Of Response To Stimulus	2	50	8	170	0.85	0.7393910905065448	AATF;RPS19	0.859653496793754
1	GOBP_NEGATIVE_REGULATION_OF_GENE_EXPRESSION	Negative Regulation Of Gene Expression	5	50	20	170	0.85	0.7601236252750498	DDX56;EXOSC4;NCBP1;NCBP2;SRRT	0.8811042623308386
5	GOBP_TRANSLATION	Translation	2	8	54	170	0.7870370370370371	0.7845804012838178	METTL14;METTL3	0.8986326599838149
1	GOBP_PROTEIN_MODIFICATION_PROCESS	Protein Modification Process	3	50	13	170	0.7846153846153846	0.7950355016188597	NAT10;TAF7;TRMT112	0.8986326599838149
2	GOBP_TRNA_PROCESSING	Trna Processing	5	31	34	170	0.8064516129032258	0.7978138285825498	RTCB;RTRAF;THG1L;TRMT10C;TRMT5	0.8986326599838149
1	GOBP_DNA_DAMAGE_RESPONSE	Dna Damage Response	2	50	9	170	0.7555555555555555	0.8008539767731407	TAF7;ZBTB4	0.8986326599838149
1	GOBP_POSITIVE_REGULATION_OF_IMMUNE_SYSTEM_PROCESS	Positive Regulation Of Immune System Process	2	50	9	170	0.7555555555555555	0.8008539767731407	DDX21;RPS19	0.8986326599838149
1	GOBP_REGULATION_OF_CELL_DIFFERENTIATION	Regulation Of Cell Differentiation	2	50	9	170	0.7555555555555555	0.8008539767731407	RPS19;SRRT	0.8986326599838149
1	GOBP_REGULATION_OF_MRNA_PROCESSING	Regulation Of Mrna Processing	2	50	9	170	0.7555555555555555	0.8008539767731407	NCBP1;NCBP2	0.8986326599838149
1	GOBP_REGULATION_OF_PROGRAMMED_CELL_DEATH	Regulation Of Programmed Cell Death	2	50	9	170	0.7555555555555555	0.8008539767731407	AATF;RPS6	0.8986326599838149
1	GOBP_REGULATION_OF_TRANSLATIONAL_INITIATION	Regulation Of Translational Initiation	2	50	9	170	0.7555555555555555	0.8008539767731407	NCBP1;NCBP2	0.8986326599838149
1	GOBP_RESPONSE_TO_HORMONE	Response To Hormone	2	50	9	170	0.7555555555555555	0.8008539767731407	RPS6;TAF7	0.8986326599838149
1	GOBP_TRANSLATIONAL_INITIATION	Translational Initiation	2	50	9	170	0.7555555555555555	0.8008539767731407	NCBP1;NCBP2	0.8986326599838149
2	GOBP_PROTEIN_CONTAINING_COMPLEX_ORGANIZATION	Protein Containing Complex Organization	4	31	30	170	0.7311827956989247	0.8484763654660831	FARSA;LONP1;OXA1L;THG1L	0.9421337623218219
1	GOBP_DEVELOPMENTAL_PROCESS_INVOLVED_IN_REPRODUCTION	Developmental Process Involved In Reproduction	2	50	10	170	0.6799999999999999	0.8493848427150104	RPL24;RPL36	0.9421337623218219
1	GOBP_RESPONSE_TO_ENDOGENOUS_STIMULUS	Response To Endogenous Stimulus	2	50	10	170	0.6799999999999999	0.8493848427150104	RPS6;TAF7	0.9421337623218219
1	GOBP_RESPONSE_TO_NITROGEN_COMPOUND	Response To Nitrogen Compound	2	50	10	170	0.6799999999999999	0.8493848427150104	DDX21;RPS6	0.9421337623218219
1	GOBP_MRNA_METABOLIC_PROCESS	Mrna Metabolic Process	11	50	45	170	0.8311111111111111	0.8519669525036286	CMTR1;DDX47;DKC1;EXOSC4;FBL;NCBP1;NCBP2;NOP58;RAMAC;RNMT;TAF7	0.9422900964653314
1	GOBP_RNA_MODIFICATION	Rna Modification	14	50	56	170	0.8500000000000001	0.8565961092148893	BUD23;DIMT1;DKC1;EMG1;FBL;MRM1;NAT10;NOP10;NOP2;NOP58;RAMAC;RNMT;THUMPD1;TRMT112	0.9447031375912778
2	GOBP_MACROMOLECULE_CATABOLIC_PROCESS	Macromolecule Catabolic Process	3	31	24	170	0.6854838709677419	0.8598845018315656	LONP1;OXA1L;SAMD4B	0.945627970675169
1	GOBP_MRNA_CATABOLIC_PROCESS	Mrna Catabolic Process	3	50	15	170	0.6799999999999999	0.8744479784403999	EXOSC4;NCBP1;NCBP2	0.9589117036306658
1	GOBP_INTRACELLULAR_TRANSPORT	Intracellular Transport	2	50	11	170	0.6181818181818182	0.887131071780909	NCBP1;NCBP2	0.9673237110379403
1	GOBP_TRNA_WOBBLE_BASE_MODIFICATION	Trna Wobble Base Modification	2	50	11	170	0.6181818181818182	0.887131071780909	NAT10;TRMT112	0.9673237110379403
1	GOBP_MACROMOLECULE_CATABOLIC_PROCESS	Macromolecule Catabolic Process	5	50	24	170	0.7083333333333334	0.8949898679622799	DKC1;EXOSC4;FBXL14;NCBP1;NCBP2	0.9699268862286275
1	GOBP_NUCLEIC_ACID_CATABOLIC_PROCESS	Nucleic Acid Catabolic Process	4	50	20	170	0.6799999999999999	0.8970567315637824	DKC1;EXOSC4;NCBP1;NCBP2	0.9699268862286275
1	GOBP_NUCLEOBASE_CONTAINING_COMPOUND_CATABOLIC_PROCESS	Nucleobase Containing Compound Catabolic Process	4	50	20	170	0.6799999999999999	0.8970567315637824	DKC1;EXOSC4;NCBP1;NCBP2	0.9699268862286275
2	GOBP_TRNA_MODIFICATION	Trna Modification	3	31	27	170	0.6093189964157706	0.9127167092946419	THG1L;TRMT10C;TRMT5	0.984102373708748
1	GOBP_POSITIVE_REGULATION_OF_MRNA_METABOLIC_PROCESS	Positive Regulation Of Mrna Metabolic Process	2	50	12	170	0.5666666666666667	0.9161173269315142	NCBP1;NCBP2	0.9850175158650821
1	GOBP_POSITIVE_REGULATION_OF_GENE_EXPRESSION	Positive Regulation Of Gene Expression	4	50	21	170	0.6476190476190475	0.9193956226289247	DDX21;NAT10;NCBP1;TRMT112	0.9857964175965692
1	GOBP_NITROGEN_COMPOUND_TRANSPORT	Nitrogen Compound Transport	3	50	17	170	0.6	0.9258875773535591	NCBP1;NCBP2;TAF7	0.9893123575575702
4	GOBP_RNA_MODIFICATION	Rna Modification	2	11	56	170	0.551948051948052	0.9278007083830062	PTCD1;RPUSD4	0.9893123575575702
1	GOBP_ESTABLISHMENT_OF_LOCALIZATION_IN_CELL	Establishment Of Localization In Cell	2	50	13	170	0.5230769230769231	0.9381322042610876	NCBP1;NCBP2	0.9948325023208235
1	GOBP_REGULATION_OF_IMMUNE_SYSTEM_PROCESS	Regulation Of Immune System Process	2	50	13	170	0.5230769230769231	0.9381322042610876	DDX21;RPS19	0.9948325023208235
1	GOBP_REGULATION_OF_PROTEIN_METABOLIC_PROCESS	Regulation Of Protein Metabolic Process	6	50	31	170	0.6580645161290323	0.9468502563048462	AATF;NAT10;NCBP1;NCBP2;TAF7;TCOF1	0.9999999917060065
1	GOBP_CELLULAR_RESPONSE_TO_STRESS	Cellular Response To Stress	3	50	19	170	0.5368421052631579	0.957656914772413	AATF;TAF7;ZBTB4	0.9999999917060065
2	GOBP_POSITIVE_REGULATION_OF_RNA_METABOLIC_PROCESS	Positive Regulation Of Rna Metabolic Process	2	31	26	170	0.4218362282878412	0.9734012137357766	RTRAF;SAMD4B	0.9999999917060065
2	GOBP_RNA_SPLICING	Rna Splicing	2	31	27	170	0.4062126642771804	0.9782559740910673	RTCB;RTRAF	0.9999999917060065
1	GOBP_REGULATION_OF_TRANSLATION	Regulation Of Translation	4	50	26	170	0.5230769230769231	0.9789396389404261	NAT10;NCBP1;NCBP2;TCOF1	0.9999999917060065
1	GOBP_MRNA_PROCESSING	Mrna Processing	6	50	36	170	0.5666666666666667	0.9852482168133352	CMTR1;DDX47;NCBP1;NCBP2;RAMAC;RNMT	0.9999999917060065
1	GOBP_REGULATION_OF_MRNA_METABOLIC_PROCESS	Regulation Of Mrna Metabolic Process	2	50	18	170	0.37777777777777777	0.9877576636688052	NCBP1;NCBP2	0.9999999917060065
1	GOBP_RNA_SPLICING_VIA_TRANSESTERIFICATION_REACTIONS	Rna Splicing Via Transesterification Reactions	2	50	18	170	0.37777777777777777	0.9877576636688052	NCBP1;NCBP2	0.9999999917060065
1	GOBP_POST_TRANSCRIPTIONAL_REGULATION_OF_GENE_EXPRESSION	Post Transcriptional Regulation Of Gene Expression	5	50	33	170	0.5151515151515151	0.9898694335165612	DKC1;NAT10;NCBP1;NCBP2;TCOF1	0.9999999917060065
2	GOBP_MACROMOLECULE_METHYLATION	Macromolecule Methylation	2	31	33	170	0.33235581622678395	0.99388084066582	TRMT10C;TRMT5	0.9999999917060065
2	GOBP_RNA_METHYLATION	Rna Methylation	2	31	33	170	0.33235581622678395	0.99388084066582	TRMT10C;TRMT5	0.9999999917060065
2	GOBP_METHYLATION	Methylation	2	31	35	170	0.31336405529953915	0.996077251661893	TRMT10C;TRMT5	0.9999999917060065
1	GOBP_RNA_SPLICING	Rna Splicing	3	50	27	170	0.37777777777777777	0.9965706034922837	DDX47;NCBP1;NCBP2	0.9999999917060065
1	GOBP_TRNA_MODIFICATION	Trna Modification	3	50	27	170	0.37777777777777777	0.9965706034922837	NAT10;THUMPD1;TRMT112	0.9999999917060065
2	GOBP_MRNA_PROCESSING	Mrna Processing	2	31	36	170	0.3046594982078853	0.9968720568807251	RTCB;TRMT10C	0.9999999917060065
2	GOBP_MRNA_METABOLIC_PROCESS	Mrna Metabolic Process	3	31	45	170	0.3655913978494624	0.9973242800529466	RTCB;SAMD4B;TRMT10C	0.9999999917060065
1	GOBP_TRNA_PROCESSING	Trna Processing	4	50	34	170	0.4	0.9982837278380288	ADAT3;NAT10;THUMPD1;TRMT112	0.9999999917060065
1	GOBP_TRANSLATION	Translation	8	50	54	170	0.5037037037037037	0.9991905694679075	NAT10;NCBP1;NCBP2;RPL24;RPL36;RPS19;RPS6;TCOF1	0.9999999917060065
4	GOBP_RNA_PROCESSING	Rna Processing	2	11	100	170	0.3090909090909091	0.999321980103054	PTCD1;RPUSD4	0.9999999917060065
1	GOBP_TRNA_METABOLIC_PROCESS	Trna Metabolic Process	4	50	38	170	0.35789473684210527	0.9995782665985039	ADAT3;NAT10;THUMPD1;TRMT112	0.9999999917060065
2	GOBP_RNA_MODIFICATION	Rna Modification	3	31	56	170	0.293778801843318	0.9998101596344102	THG1L;TRMT10C;TRMT5	0.9999999917060065
2	GOBP_RNA_PROCESSING	Rna Processing	5	31	100	170	0.2741935483870968	0.9999999917060065	RTCB;RTRAF;THG1L;TRMT10C;TRMT5	0.9999999917060065
